{
 "train_auc": 0.8144075881360097,
 "val_auc": 0.8310246792320526
}